1,1/10/2022 13:30,Get up,Get up snd cook rice and watch youtube and read novel,0,2,1,0,0,0.5,-0.5,0,0.2,0,
2,1/10/2022 14:00,Get up,Get up snd cook rice and watch youtube and read novel,0,2,1,0.5,0,0.3,-0.7,0.1,0.1,0.2,
3,1/10/2022 14:30,Lunch,Lunch,5,0,1,0,0,0.1,-0.9,0.2,0,0.4,0
4,1/10/2022 15:00,Research,Do research work at home. Research on feedback recommender system and on steady state emission using decision tree,5,4,3,0,0,0.1,-1,0.5,1,1,0
5,1/10/2022 15:30,Research,Do research work at home. Research on feedback recommender system and on steady state emission using decision tree,5,4,3,0.5,0,-0.028571429,-0.971428571,0.542857143,0.771428571,0.914285714,0
6,1/10/2022 16:00,Research,Do research work at home. Research on feedback recommender system and on steady state emission using decision tree,5,4,3,1,0,-0.157142857,-0.942857143,0.585714286,0.542857143,0.828571429,0
7,1/10/2022 16:30,Research,Do research work at home. Research on feedback recommender system and on steady state emission using decision tree,5,4,3,1.5,0,-0.285714286,-0.914285714,0.628571429,0.314285714,0.742857143,0
8,1/10/2022 17:00,Research,Do research work at home. Research on feedback recommender system and on steady state emission using decision tree,5,4,3,2,0,-0.414285714,-0.885714286,0.671428571,0.085714286,0.657142857,0
9,1/10/2022 17:30,Research,Do research work at home. Research on feedback recommender system and on steady state emission using decision tree,5,4,3,2.5,0,-0.542857143,-0.857142857,0.714285714,-0.142857143,0.571428571,0
10,1/10/2022 18:00,Research,Do research work at home. Research on feedback recommender system and on steady state emission using decision tree,5,4,3,3,0,-0.671428571,-0.828571429,0.757142857,-0.371428571,0.485714286,0
11,1/10/2022 18:30,Exercise,5 minutes of cardio exercise to increase heart rate and rest. Then shower,1,4,1,0,0,-0.8,-0.8,0.8,-0.6,0.4,0
12,1/10/2022 19:00,Youtube,Youtube,0,0,4,0,0,0,-0.8,0.4,-0.9,0.4,0
13,1/10/2022 19:30,Dinner,Dinner,5,0,1,0,0,-0.4,-1,0.6,-1,0.4,0
14,1/10/2022 20:00,Youtube,Youtube,0,0,4,0,0,-0.8,-1,0.8,1,0.2,0
15,1/10/2022 20:30,Read novel,Read novel,0,2,4,0,0,-1,-1,0.6,0.9,0.2,0
16,1/10/2022 21:00,Read novel,Read novel,0,2,4,0.5,0,-1,-0.846153846,0.615384615,0.753846154,0.107692308,0
17,1/10/2022 21:30,Read novel,Read novel,0,2,4,1,0,-1,-0.692307692,0.630769231,0.607692308,0.015384615,0
18,1/10/2022 22:00,Read novel,Read novel,0,2,4,1.5,0,-1,-0.538461538,0.646153846,0.461538462,-0.076923077,0
19,1/10/2022 22:30,Read novel,Read novel,0,2,4,2,0,-1,-0.384615385,0.661538462,0.315384615,-0.169230769,0
20,1/10/2022 23:00,Read novel,Read novel,0,2,4,2.5,0,-1,-0.230769231,0.676923077,0.169230769,-0.261538462,0
21,1/10/2022 23:30,Read novel,Read novel,0,2,4,3,0,-1,-0.076923077,0.692307692,0.023076923,-0.353846154,0
22,1/11/2022 0:00,Read novel,Read novel,0,2,4,3.5,0,-1,0.076923077,0.707692308,-0.123076923,-0.446153846,0
23,1/11/2022 0:30,Read novel,Read novel,0,2,4,4,0,-1,0.230769231,0.723076923,-0.269230769,-0.538461538,0
24,1/11/2022 1:00,Read novel,Read novel,0,2,4,4.5,0,-1,0.384615385,0.738461538,-0.415384615,-0.630769231,0
25,1/11/2022 1:30,Read novel,Read novel,0,2,4,5,0,-1,0.538461538,0.753846154,-0.561538462,-0.723076923,0
26,1/11/2022 2:00,Read novel,Read novel,0,2,4,5.5,0,-1,0.692307692,0.769230769,-0.707692308,-0.815384615,0
27,1/11/2022 2:30,Read novel,Read novel,0,2,4,6,0,-1,0.846153846,0.784615385,-0.853846154,-0.907692308,0
28,1/11/2022 3:00,Go to sleep,Go to sleep,5,0,1,0,0,-1,1,0.8,-1,-1,0
42,1/11/2022 10:00,Get up,read novel,0,0,1,0,0,-0.8,-0.8,0,-0.2,0.8,0
43,1/11/2022 10:30,Class,"Eat lunch in class, and had a group discussion",3,3,2,0,0,0.2,-0.2,-0.3,-0.2,0.4,0
44,1/11/2022 11:00,Class,"Eat lunch in class, and had a group discussion",3,3,2,0.5,0,0.06,-0.28,-0.28,-0.04,0.32,0
45,1/11/2022 11:30,Class,"Eat lunch in class, and had a group discussion",3,3,2,1,0,-0.08,-0.36,-0.26,0.12,0.24,0
46,1/11/2022 12:00,Class,"Eat lunch in class, and had a group discussion",3,3,2,1.5,0,-0.22,-0.44,-0.24,0.28,0.16,0
47,1/11/2022 12:30,Class,"Eat lunch in class, and had a group discussion",3,3,2,2,0,-0.36,-0.52,-0.22,0.44,0.08,0
48,1/11/2022 13:00,Go to school,"It was raining. I took train for 1 hour. We were supposed to have a group work, but because of rain, it was cancelled. So, i returned home.",5,4,2,0,0,-0.5,-0.6,-0.2,0.6,0,0
49,1/11/2022 13:30,Go to school,"It was raining. I took train for 2 hour. We were supposed to have a group work, but because of rain, it was cancelled. So, i returned home.",5,4,2,0.5,0,-0.56,-0.64,-0.26,0.52,0.16,0
50,1/11/2022 14:00,Go to school,"It was raining. I took train for 3 hour. We were supposed to have a group work, but because of rain, it was cancelled. So, i returned home.",5,4,2,1,0,-0.62,-0.68,-0.32,0.44,0.32,0
51,1/11/2022 14:30,Go to school,"It was raining. I took train for 4 hour. We were supposed to have a group work, but because of rain, it was cancelled. So, i returned home.",5,4,2,1.5,0,-0.68,-0.72,-0.38,0.36,0.48,0
52,1/11/2022 15:00,Go to school,"It was raining. I took train for 5 hour. We were supposed to have a group work, but because of rain, it was cancelled. So, i returned home.",5,4,2,2,0,-0.74,-0.76,-0.44,0.28,0.64,0
53,1/11/2022 15:30,Research,Do some research for group work project.,5,2,2,0,0,-0.8,-0.8,-0.5,0.2,0.8,0
54,1/11/2022 16:00,Youtube,Youtube,0,0,4,0,0,-1,-1,0,-0.2,0.3,0
55,1/11/2022 16:30,Youtube,Youtube,0,0,4,0.5,0,-1,-1,0,-0.4,0,0
56,1/11/2022 17:00,Dinner,Cook and eat dinner. Then wash the dishes.,5,3,1,0,0,-1,-1,0,-0.6,-0.3,0
57,1/11/2022 17:30,Dinner,Cook and eat dinner. Then wash the dishes.,5,3,1,0.5,0,-1,-1,0.266666667,-0.133333333,-0.1,0
58,1/11/2022 18:00,Dinner,Cook and eat dinner. Then wash the dishes.,5,3,1,1,0,-1,-1,0.533333333,0.333333333,0.1,0
59,1/11/2022 18:30,Exercise,Go for a walk. And weight training.,3,5,1,0,0,-1,-1,0.8,0.8,0.3,0
60,1/11/2022 19:00,Youtube,Youtube,0,0,4,0,0,-1,-0.8,0.9,0.4,0.3,0
61,1/11/2022 19:30,Youtube,Youtube,0,0,4,0.5,0,-1,-0.2,0.7,0.1,0,0
62,1/11/2022 20:00,Nap,Nap,1,0,1,0,0,-1,0.4,0.5,-0.2,-0.3,0
63,1/11/2022 20:30,Nap,Nap,1,0,1,0.5,0,-1,0.333333333,0.533333333,-0.266666667,-0.133333333,0
64,1/11/2022 21:00,Nap,Nap,1,0,1,1,0,-1,0.266666667,0.566666667,-0.333333333,0.033333333,0
65,1/11/2022 21:30,Youtube,Youtube,0,0,4,0,0,-1,0.2,0.6,-0.4,0.2,0
66,1/11/2022 22:00,Youtube,Youtube,0,0,4,0.5,0,-1,0.26,0.62,-0.44,0.22,0
67,1/11/2022 22:30,Youtube,Youtube,0,0,4,1,0,-1,0.32,0.64,-0.48,0.24,0
68,1/11/2022 23:00,Youtube,Youtube,0,0,4,1.5,0,-1,0.38,0.66,-0.52,0.26,0
69,1/11/2022 23:30,Youtube,Youtube,0,0,4,2,0,-1,0.44,0.68,-0.56,0.28,0
70,1/12/2022 0:00,Youtube,Youtube,0,0,4,2.5,0,-1,0.5,0.7,-0.6,0.3,0
71,1/12/2022 0:30,Youtube,Youtube,0,0,4,3,0,-1,0.56,0.72,-0.64,0.32,0
72,1/12/2022 1:00,Youtube,Youtube,0,0,4,3.5,0,-1,0.62,0.74,-0.68,0.34,0
73,1/12/2022 1:30,Youtube,Youtube,0,0,4,4,0,-1,0.68,0.76,-0.72,0.36,0
74,1/12/2022 2:00,Youtube,Youtube,0,0,4,4.5,0,-1,0.74,0.78,-0.76,0.38,0
75,1/12/2022 2:30,Go to sleep,Go to sleep,5,0,1,0,0,-1,0.8,0.8,-0.8,0.4,0
94,1/12/2022 12:00,Youtube,get up and watch youtube,0,0,4,0,0,0.5,0.2,0,-0.4,0.2,0
95,1/12/2022 12:30,Youtube,get up and watch youtube,0,0,4,0.5,0,0.25,0.1,0.15,-0.4,0.3,0
96,1/12/2022 13:00,Lunch,it was delicious.,5,1,1,0,0,0,0,0.3,-0.4,0.4,0
97,1/12/2022 13:30,Research ,Coding on decision tree model for car emission.,5,3,3,0,0,-0.1,0.3,1,1,1,0
98,1/12/2022 14:00,Research ,Coding on decision tree model for car emission.,5,3,3,0.5,0,-0.216666667,0.366666667,0.933333333,0.9,0.7,0
99,1/12/2022 14:30,Research ,Coding on decision tree model for car emission.,5,3,3,1,0,-0.333333333,0.433333333,0.866666667,0.8,0.4,0
100,1/12/2022 15:00,Research ,Coding on decision tree model for car emission.,5,3,3,1.5,0,-0.45,0.5,0.8,0.7,0.1,0
101,1/12/2022 15:30,Research ,Coding on decision tree model for car emission.,5,3,3,2,0,-0.566666667,0.566666667,0.733333333,0.6,-0.2,0
102,1/12/2022 16:00,Research ,Coding on decision tree model for car emission.,5,3,3,2.5,0,-0.683333333,0.633333333,0.666666667,0.5,-0.5,0
103,1/12/2022 16:30,Rest,Just relax and stretching. And watch anime. ,3,0,1,0,0,-0.8,0.7,0.6,0.4,-0.8,0
104,1/12/2022 17:00,Youtube,Youtube,0,0,4,0,0,-0.4,0.4,0.7,0.2,-0.5,0
105,1/12/2022 17:30,Dinner,it was delicious.,5,2,1,0,0,0,0.2,0.5,0,-0.2,0
106,1/12/2022 18:00,Read novel,Read novel,0,2,4,0,0,-0.2,-0.8,1,0.8,0.8,0
107,1/12/2022 18:30,Read novel,Read novel,0,2,4,0.5,0,-0.24,-0.71,0.98,0.71,0.71,0
108,1/12/2022 19:00,Read novel,Read novel,0,2,4,1,0,-0.28,-0.62,0.96,0.62,0.62,0
109,1/12/2022 19:30,Read novel,Read novel,0,2,4,1.5,0,-0.32,-0.53,0.94,0.53,0.53,0
110,1/12/2022 20:00,Read novel,Read novel,0,2,4,2,0,-0.36,-0.44,0.92,0.44,0.44,0
111,1/12/2022 20:30,Read novel,Read novel,0,2,4,2.5,0,-0.4,-0.35,0.9,0.35,0.35,0
112,1/12/2022 21:00,Read novel,Read novel,0,2,4,3,0,-0.44,-0.26,0.88,0.26,0.26,0
113,1/12/2022 21:30,Read novel,Read novel,0,2,4,3.5,0,-0.48,-0.17,0.86,0.17,0.17,0
114,1/12/2022 22:00,Read novel,Read novel,0,2,4,4,0,-0.52,-0.08,0.84,0.08,0.08,0
115,1/12/2022 22:30,Read novel,Read novel,0,2,4,4.5,0,-0.56,0.01,0.82,-0.01,-0.01,0
116,1/12/2022 23:00,Read novel,Read novel,0,2,4,5,0,-0.6,0.1,0.8,-0.1,-0.1,0
117,1/12/2022 23:30,Read novel,Read novel,0,2,4,5.5,0,-0.64,0.19,0.78,-0.19,-0.19,0
118,1/13/2022 0:00,Read novel,Read novel,0,2,4,6,0,-0.68,0.28,0.76,-0.28,-0.28,0
119,1/13/2022 0:30,Read novel,Read novel,0,2,4,6.5,0,-0.72,0.37,0.74,-0.37,-0.37,0
120,1/13/2022 1:00,Read novel,Read novel,0,2,4,7,0,-0.76,0.46,0.72,-0.46,-0.46,0
121,1/13/2022 1:30,Read novel,Read novel,0,2,4,7.5,0,-0.8,0.55,0.7,-0.55,-0.55,0
122,1/13/2022 2:00,Read novel,Read novel,0,2,4,8,0,-0.84,0.64,0.68,-0.64,-0.64,0
123,1/13/2022 2:30,Read novel,Read novel,0,2,4,8.5,0,-0.88,0.73,0.66,-0.73,-0.73,0
124,1/13/2022 3:00,Read novel,Read novel,0,2,4,9,0,-0.92,0.82,0.64,-0.82,-0.82,0
125,1/13/2022 3:30,Read novel,Read novel,0,2,4,9.5,0,-0.96,0.91,0.62,-0.91,-0.91,0
126,1/13/2022 4:00,Go to sleep,Go to sleep,5,0,1,0,0,-1,1,0.6,-1,-1,0
141,1/13/2022 11:30,Get up,And then prepare to go to university. Also hot shower was taken.,5,3,1,0,0,0.2,1,-0.5,-0.8,-0.8,0
142,1/13/2022 12:00,Commmute,Take train for about 40 minutes and walking to university,5,0,3,0,0,0.4,0,-0.3,0,0.2,0
143,1/13/2022 12:30,Commmute,Take train for about 41 minutes and walking to university,5,0,3,0.5,0,0.266666667,-0.033333333,-0.2,-0.066666667,0.233333333,0
144,1/13/2022 13:00,Commmute,Take train for about 42 minutes and walking to university,5,0,3,1,0,0.133333333,-0.066666667,-0.1,-0.133333333,0.266666667,0
145,1/13/2022 13:30,Lunch,Lunch,5,0,1,0,0,0,-0.1,0,-0.2,0.3,0
146,1/13/2022 14:00,Experiment,doing labor operation ,5,5,3,0,0,0,-0.7,0.5,1,0.9,0
147,1/13/2022 14:30,Experiment,doing labor operation ,5,5,3,0.5,0,-0.075,-0.6375,0.5,0.9125,0.825,0
148,1/13/2022 15:00,Experiment,doing labor operation ,5,5,3,1,0,-0.15,-0.575,0.5,0.825,0.75,0
149,1/13/2022 15:30,Experiment,doing labor operation ,5,5,3,1.5,0,-0.225,-0.5125,0.5,0.7375,0.675,0
150,1/13/2022 16:00,Experiment,doing labor operation ,5,5,3,2,0,-0.3,-0.45,0.5,0.65,0.6,0
151,1/13/2022 16:30,Experiment,doing labor operation ,5,5,3,2.5,0,-0.375,-0.3875,0.5,0.5625,0.525,0
152,1/13/2022 17:00,Experiment,doing labor operation ,5,5,3,3,0,-0.45,-0.325,0.5,0.475,0.45,0
153,1/13/2022 17:30,Experiment,doing labor operation ,5,5,3,3.5,0,-0.525,-0.2625,0.5,0.3875,0.375,0
154,1/13/2022 18:00,Return home,By train and read novel meanwhile,5,0,3,0,0,-0.6,-0.2,0.5,0.3,0.3,0
155,1/13/2022 18:30,Return home,By train and read novel meanwhile,5,0,3,0.5,0,-0.6,-0.3,0.55,0,0.1,0
156,1/13/2022 19:00,Dinner,Delicious,5,1,1,0,0,-0.6,-0.4,0.6,-0.3,-0.1,0
157,1/13/2022 19:30,Chemistry exercise,10th grade exercises. Do the exercise to help a kid to study.,3,3,6,0,0,-0.8,-0.9,0.9,1,1,0
158,1/13/2022 20:00,Chemistry exercise,11th grade exercises. Do the exercise to help a kid to study.,3,3,6,0.5,0,-0.7,-0.775,0.775,0.9,0.85,0
159,1/13/2022 20:30,Chemistry exercise,12th grade exercises. Do the exercise to help a kid to study.,3,3,6,1,0,-0.6,-0.65,0.65,0.8,0.7,0
160,1/13/2022 21:00,Chemistry exercise,13th grade exercises. Do the exercise to help a kid to study.,3,3,6,1.5,0,-0.5,-0.525,0.525,0.7,0.55,0
161,1/13/2022 21:30,Youtube,Youtube,0,0,4,0,0,-0.4,-0.4,0.4,0.6,0.4,0
162,1/13/2022 22:00,Youtube,Youtube,0,0,4,0.5,0,-0.311111111,-0.4,0.422222222,0.477777778,0.3,0
163,1/13/2022 22:30,Youtube,Youtube,0,0,4,1,0,-0.222222222,-0.4,0.444444444,0.355555556,0.2,0
164,1/13/2022 23:00,Youtube,Youtube,0,0,4,1.5,0,-0.133333333,-0.4,0.466666667,0.233333333,0.1,0
165,1/13/2022 23:30,Youtube,Youtube,0,0,4,2,0,-0.044444444,-0.4,0.488888889,0.111111111,0,0
166,1/14/2022 0:00,Youtube,Youtube,0,0,4,2.5,0,0.044444444,-0.4,0.511111111,-0.011111111,-0.1,0
167,1/14/2022 0:30,Youtube,Youtube,0,0,4,3,0,0.133333333,-0.4,0.533333333,-0.133333333,-0.2,0
168,1/14/2022 1:00,Youtube,Youtube,0,0,4,3.5,0,0.222222222,-0.4,0.555555556,-0.255555556,-0.3,0
169,1/14/2022 1:30,Youtube,Youtube,0,0,4,4,0,0.311111111,-0.4,0.577777778,-0.377777778,-0.4,0
170,1/14/2022 2:00,Go to sleep,Go to sleep,5,0,1,0,0,0.4,-0.4,0.6,-0.5,-0.5,0
186,1/14/2022 10:00,Seminar,report research activity to the lab advisor,5,3,3,0,0,0.3,1,-1,-0.9,-0.9,0
187,1/14/2022 10:30,Seminar,report research activity to the lab advisor,5,3,3,0.5,0,0.15,0.9,-1,-0.9,-0.85,0
188,1/14/2022 11:00,Nap,Nap,3,0,1,0,0,0,0.8,-1,-0.9,-0.8,0
189,1/14/2022 11:30,Youtube,Youtube,0,0,4,0,0,-0.2,0.4,-0.4,-0.9,-0.6,0
190,1/14/2022 12:00,Youtube,Youtube,0,0,4,0.5,0,-0.35,0.35,-0.35,-0.95,-0.4,0
191,1/14/2022 12:30,Meditate,Meditate,3,0,1,0,0,-0.5,0.3,-0.3,-1,-0.2,0
192,1/14/2022 13:00,Meditate,Meditate,3,0,1,0.5,0,-0.6,0,-0.1,-0.833333333,0.066666667,0
193,1/14/2022 13:30,Meditate,Meditate,3,0,1,1,0,-0.7,-0.3,0.1,-0.666666667,0.333333333,0
194,1/14/2022 14:00,Lunch,delicious,5,2,1,0,0,-0.8,-0.6,0.3,-0.5,0.6,0
195,1/14/2022 14:30,Lunch,delicious,5,2,1,0.5,0,-0.9,-0.7,0.5,0.15,0.7,0
196,1/14/2022 15:00,Meditate,Meditate,0,0,1,0,0,-1,-0.8,0.7,0.8,0.8,0
197,1/14/2022 15:30,Meditate,Meditate,0,0,1,0.5,0,-1,-0.68,0.64,0.72,0.72,0
198,1/14/2022 16:00,Meditate,Meditate,0,0,1,1,0,-1,-0.56,0.58,0.64,0.64,0
199,1/14/2022 16:30,Meditate,Meditate,0,0,1,1.5,0,-1,-0.44,0.52,0.56,0.56,0
200,1/14/2022 17:00,Meditate,Meditate,0,0,1,2,0,-1,-0.32,0.46,0.48,0.48,0
201,1/14/2022 17:30,Youtube,Youtube,0,0,4,0,0,-1,-0.2,0.4,0.4,0.4,0
202,1/14/2022 18:00,Read novel,Read novel,0,2,4,0,0,-1,0,0.4,0.2,0.2,0
203,1/14/2022 18:30,Read novel,Read novel,0,2,4,0.5,0,-1,0.15,0.2,-0.15,0.05,0
204,1/14/2022 19:00,Dinner,Delicious,5,1,1,0,0,-1,0.3,0,-0.5,-0.1,0
205,1/14/2022 19:30,Wash dishes,"After that, i had snack a bit",3,3,1,0,0,-1,-0.7,0.9,1,0.7,0
206,1/14/2022 20:00,Read novel,Read novel,0,2,4,0,0,-1,-0.5,0.3,0.7,0.4,0
207,1/14/2022 20:30,Read novel,Read novel,0,2,4,0.5,0,-0.941666667,-0.408333333,0.316666667,0.575,0.316666667,0
208,1/14/2022 21:00,Read novel,Read novel,0,2,4,1,0,-0.883333333,-0.316666667,0.333333333,0.45,0.233333333,0
209,1/14/2022 21:30,Read novel,Read novel,0,2,4,1.5,0,-0.825,-0.225,0.35,0.325,0.15,0
210,1/14/2022 22:00,Read novel,Read novel,0,2,4,2,0,-0.766666667,-0.133333333,0.366666667,0.2,0.066666667,0
211,1/14/2022 22:30,Read novel,Read novel,0,2,4,2.5,0,-0.708333333,-0.041666667,0.383333333,0.075,-0.016666667,0
212,1/14/2022 23:00,Read novel,Read novel,0,2,4,3,0,-0.65,0.05,0.4,-0.05,-0.1,0
213,1/14/2022 23:30,Read novel,Read novel,0,2,4,3.5,0,-0.591666667,0.141666667,0.416666667,-0.175,-0.183333333,0
214,1/15/2022 0:00,Read novel,Read novel,0,2,4,4,0,-0.533333333,0.233333333,0.433333333,-0.3,-0.266666667,0
215,1/15/2022 0:30,Read novel,Read novel,0,2,4,4.5,0,-0.475,0.325,0.45,-0.425,-0.35,0
216,1/15/2022 1:00,Read novel,Read novel,0,2,4,5,0,-0.416666667,0.416666667,0.466666667,-0.55,-0.433333333,0
217,1/15/2022 1:30,Read novel,Read novel,0,2,4,5.5,0,-0.358333333,0.508333333,0.483333333,-0.675,-0.516666667,0
218,1/15/2022 2:00,Go to sleep,Go to sleep,5,0,1,0,0,-0.3,0.6,0.5,-0.8,-0.6,0
242,1/15/2022 14:00,Youtube,Youtube,0,0,4,0,0,-1,0.7,0,-0.5,0.2,0
243,1/15/2022 14:30,Lunch,"First, hot shower then a delicious meal",5,1,1,0,0,-1,0.2,0.3,-0.6,0.4,0
244,1/15/2022 15:00,Research,Revise my manuscript for publication. Proof reading.,5,4,3,0,0,-0.4,-0.3,0.8,0.7,0.6,0
245,1/15/2022 15:30,Research,Revise my manuscript for publication. Proof reading.,5,4,3,0.5,0,-0.483333333,-0.333333333,0.766666667,0.616666667,0.566666667,0
246,1/15/2022 16:00,Research,Revise my manuscript for publication. Proof reading.,5,4,3,1,0,-0.566666667,-0.366666667,0.733333333,0.533333333,0.533333333,0
247,1/15/2022 16:30,Research,Revise my manuscript for publication. Proof reading.,5,4,3,1.5,0,-0.65,-0.4,0.7,0.45,0.5,0
248,1/15/2022 17:00,Research,Revise my manuscript for publication. Proof reading.,5,4,3,2,0,-0.733333333,-0.433333333,0.666666667,0.366666667,0.466666667,0
249,1/15/2022 17:30,Research,Revise my manuscript for publication. Proof reading.,5,4,3,2.5,0,-0.816666667,-0.466666667,0.633333333,0.283333333,0.433333333,0
250,1/15/2022 18:00,Youtube,Youtube,0,0,4,0,0,-0.9,-0.5,0.6,0.2,0.4,0
251,1/15/2022 18:30,Youtube,Youtube,0,0,4,0.5,0,-0.95,-0.6,0.35,0.3,0.4,0
252,1/15/2022 19:00,Grocery,Go to supermarket,4,4,1,0,0,-1,-0.7,0.1,0.4,0.4,0
253,1/15/2022 19:30,Grocery,Go to supermarket,4,4,1,0.5,0,-1,-0.8,0.2,0.45,0.5,0
254,1/15/2022 20:00,Dinner,Delicious,5,1,1,0,0,-1,-0.9,0.3,0.5,0.6,0
255,1/15/2022 20:30,Read novel,Read novel,0,2,4,0,0,-1,-0.7,1,0.8,0.9,0
256,1/15/2022 21:00,Read novel,Read novel,0,2,4,0.5,0,-0.981818182,-0.663636364,0.981818182,0.672727273,0.790909091,0
257,1/15/2022 21:30,Read novel,Read novel,0,2,4,1,0,-0.963636364,-0.627272727,0.963636364,0.545454545,0.681818182,0
258,1/15/2022 22:00,Read novel,Read novel,0,2,4,1.5,0,-0.945454545,-0.590909091,0.945454545,0.418181818,0.572727273,0
259,1/15/2022 22:30,Read novel,Read novel,0,2,4,2,0,-0.927272727,-0.554545455,0.927272727,0.290909091,0.463636364,0
260,1/15/2022 23:00,Read novel,Read novel,0,2,4,2.5,0,-0.909090909,-0.518181818,0.909090909,0.163636364,0.354545455,0
261,1/15/2022 23:30,Read novel,Read novel,0,2,4,3,0,-0.890909091,-0.481818182,0.890909091,0.036363636,0.245454545,0
262,1/16/2022 0:00,Read novel,Read novel,0,2,4,3.5,0,-0.872727273,-0.445454545,0.872727273,-0.090909091,0.136363636,0
263,1/16/2022 0:30,Read novel,Read novel,0,2,4,4,0,-0.854545455,-0.409090909,0.854545455,-0.218181818,0.027272727,0
264,1/16/2022 1:00,Read novel,Read novel,0,2,4,4.5,0,-0.836363636,-0.372727273,0.836363636,-0.345454545,-0.081818182,0
265,1/16/2022 1:30,Read novel,Read novel,0,2,4,5,0,-0.818181818,-0.336363636,0.818181818,-0.472727273,-0.190909091,0
266,1/16/2022 2:00,Play poker,Play poker,0,2,4,0,0,-0.8,-0.3,0.8,-0.6,-0.3,0
267,1/16/2022 2:30,Play poker,Play poker,0,2,4,0.5,0,-0.85,0.025,0.675,-0.675,-0.35,0
268,1/16/2022 3:00,Play poker,Play poker,0,2,4,1,0,-0.9,0.35,0.55,-0.75,-0.4,0
269,1/16/2022 3:30,Play poker,Play poker,0,2,4,1.5,0,-0.95,0.675,0.425,-0.825,-0.45,0
270,1/16/2022 4:00,Go to sleep,Go to sleep,5,0,1,0,0,-1,1,0.3,-0.9,-0.5,0
286,1/16/2022 12:00,Youtube,Youtube,0,0,4,0,0,-0.5,0.4,0.3,-0.5,-0.3,0
287,1/16/2022 12:30,Youtube,Youtube,0,0,4,0.5,0,-0.55,0.3,0.325,-0.575,-0.4,0
288,1/16/2022 13:00,Youtube,Youtube,0,0,4,1,0,-0.6,0.2,0.35,-0.65,-0.5,0
289,1/16/2022 13:30,Youtube,Youtube,0,0,4,1.5,0,-0.65,0.1,0.375,-0.725,-0.6,0
290,1/16/2022 14:00,Lunch,delicious,5,1,1,0,0,-0.7,0,0.4,-0.8,-0.7,0
291,1/16/2022 14:30,Assignment,preparing slide presentation ,5,5,3,0,0,-0.6,-0.6,0.8,0.8,0.7,0
292,1/16/2022 15:00,Assignment,preparing slide presentation ,5,5,3,0.5,0,-0.657142857,-0.442857143,0.757142857,0.628571429,0.5,0
293,1/16/2022 15:30,Assignment,preparing slide presentation ,5,5,3,1,0,-0.714285714,-0.285714286,0.714285714,0.457142857,0.3,0
294,1/16/2022 16:00,Assignment,preparing slide presentation ,5,5,3,1.5,0,-0.771428571,-0.128571429,0.671428571,0.285714286,0.1,0
295,1/16/2022 16:30,Assignment,preparing slide presentation ,5,5,3,2,0,-0.828571429,0.028571429,0.628571429,0.114285714,-0.1,0
296,1/16/2022 17:00,Assignment,preparing slide presentation ,5,5,3,2.5,0,-0.885714286,0.185714286,0.585714286,-0.057142857,-0.3,0
297,1/16/2022 17:30,Assignment,preparing slide presentation ,5,5,3,3,0,-0.942857143,0.342857143,0.542857143,-0.228571429,-0.5,0
298,1/16/2022 18:00,Cooking,Cooking,5,4,1,0,0,-1,0.5,0.5,-0.4,-0.7,0
299,1/16/2022 18:30,Dinner,delicious. Then quickly wash the dishes,5,0,1,0,0,-1,0.2,0.6,0.2,-0.2,0
300,1/16/2022 19:00,Youtube,Youtube,0,0,4,0,0,-1,0.2,0.7,0.6,0.4,0
301,1/16/2022 19:30,Youtube,Youtube,0,0,4,0.5,0,-1,0.25,0.6,0.525,0.225,0
302,1/16/2022 20:00,Youtube,Youtube,0,0,4,1,0,-1,0.3,0.5,0.45,0.05,0
303,1/16/2022 20:30,Youtube,Youtube,0,0,4,1.5,0,-1,0.35,0.4,0.375,-0.125,0
304,1/16/2022 21:00,Read novel,Read novel,0,2,4,0,0,-1,0.4,0.3,0.3,-0.3,0
305,1/16/2022 21:30,Read novel,Read novel,0,2,4,0.5,0,-1,0.407692308,0.307692308,0.276923077,-0.315384615,0
306,1/16/2022 22:00,Read novel,Read novel,0,2,4,1,0,-1,0.415384615,0.315384615,0.253846154,-0.330769231,0
307,1/16/2022 22:30,Read novel,Read novel,0,2,4,1.5,0,-1,0.423076923,0.323076923,0.230769231,-0.346153846,0
308,1/16/2022 23:00,Read novel,Read novel,0,2,4,2,0,-1,0.430769231,0.330769231,0.207692308,-0.361538462,0
309,1/16/2022 23:30,Read novel,Read novel,0,2,4,2.5,0,-1,0.438461538,0.338461538,0.184615385,-0.376923077,0
310,1/17/2022 0:00,Read novel,Read novel,0,2,4,3,0,-1,0.446153846,0.346153846,0.161538462,-0.392307692,0
311,1/17/2022 0:30,Read novel,Read novel,0,2,4,3.5,0,-1,0.453846154,0.353846154,0.138461538,-0.407692308,0
312,1/17/2022 1:00,Read novel,Read novel,0,2,4,4,0,-1,0.461538462,0.361538462,0.115384615,-0.423076923,0
313,1/17/2022 1:30,Read novel,Read novel,0,2,4,4.5,0,-1,0.469230769,0.369230769,0.092307692,-0.438461538,0
314,1/17/2022 2:00,Read novel,Read novel,0,2,4,5,0,-1,0.476923077,0.376923077,0.069230769,-0.453846154,0
315,1/17/2022 2:30,Read novel,Read novel,0,2,4,5.5,0,-1,0.484615385,0.384615385,0.046153846,-0.469230769,0
316,1/17/2022 3:00,Read novel,Read novel,0,2,4,6,0,-1,0.492307692,0.392307692,0.023076923,-0.484615385,0
317,1/17/2022 3:30,Go to sleep,Go to sleep,5,0,1,0,0,-1,0.5,0.4,0,-0.5,0
335,1/17/2022 12:30,Youtube,Stay on sleeping sheet lazily and watch youtube videos,0,0,4,0,0,-1,-0.4,0.1,0.3,0.4,0
336,1/17/2022 13:00,Lunch,Hot shower was taken before delicious lunch,5,0,1,0,0,-1,-0.6,0,0,0.6,0
337,1/17/2022 13:30,Assignment,"Organize data for training model. And revise manuscript, coding and adjusting image.",5,5,3,0,0,-1,-1,0.7,0.8,0.8,0
343,1/17/2022 16:30,Youtube,Youtube,0,0,4,0,0,-1,-0.3,0.6,0.2,0.1,0
348,1/17/2022 19:00,Dinner,delicious,5,0,1,0,0,-1,0.6,0,-0.5,-0.7,0
349,1/17/2022 19:30,Assignment,Organize material before meeting,5,5,3,0,0,-1,-0.4,0.7,0.8,0.8,0
353,1/17/2022 21:30,Cooking,Cooking,5,3,1,0,0,0.5,0.6,-0.4,-0.3,-0.4,0
354,1/17/2022 22:00,Youtube,Youtube,0,0,4,0,0,0.2,0.4,0,-0.2,-0.3,0
356,1/17/2022 23:00,Game,on mobile,0,3,4,0,0,0,-0.2,0,-0.3,-0.2,0
362,1/18/2022 2:00,Go to sleep,Go to sleep,5,0,1,0,0,0.4,0.2,-0.2,-0.6,0.2,0
379,1/18/2022 10:30,Class,Attend and online lecture. I had two slice of bread with peanut butter and jam as breakfast. Listen to presentation and ask a few question.,5,3,2,0,0,0.5,0.7,-0.8,-0.5,-0.4,0
383,1/18/2022 12:30,Assignment,Fixed slide presentation and do research on scheduling algorithms,4,4,3,0,0,0.3,-0.3,-0.4,0.2,0.2,0
390,1/18/2022 16:00,Dinner,Go shopping first before eating.,5,3,1,0,0,-0.3,0.6,0,-0.6,-0.2,0
391,1/18/2022 16:30,Assignment,Continue doing research on scheduling algorithms,4,4,3,0,0,-0.4,-0.7,0.3,0.5,0.4,0
393,1/18/2022 17:30,Youtube,And play pokemon game ,0,3,4,0,0,-0.8,-0.3,0.4,0.3,0.2,0
402,1/18/2022 22:00,Read novel,Read novel,0,2,4,0,0,0.3,0.4,-0.5,-0.3,0,0
410,1/19/2022 2:00,Go to sleep,Go to sleep,5,0,1,0,0,-0.6,-0.6,0,-0.8,-0.8,0
430,1/19/2022 12:00,Youtube,after getting up,0,0,4,0,0,0.3,-0.5,0.3,-0.3,0.6,0
433,1/19/2022 13:30,Lunch,And hot shower before lunch,5,1,1,0,0,-0.6,-0.3,0,-1,0.4,0
434,1/19/2022 14:00,Research,Lab work. Coding and data processing,5,4,3,0,0,0.2,-1,0.7,1,1,0
442,1/19/2022 18:00,Dinner,Dinner,5,1,1,0,0,-0.9,0.6,0.5,-0.7,-0.3,0
443,1/19/2022 18:30,Youtube,and read novel,0,1,4,0,0,-1,-1,0.8,1,1,0
455,1/20/2022 0:30,Go to sleep,Go to sleep,5,0,1,0,0,-0.6,-0.2,-0.4,0.1,0.3,0
471,1/20/2022 8:30,Lunch,Prepare to go to school. Took a hot shower and eat lunch.,5,1,1,0,0,-1,0.4,0,0,0.3,0
472,1/20/2022 9:00,Commute,Go to school by train and do face to face lab report,5,5,3,0,0,-1,-0.5,0.3,0.7,0.7,0
487,1/20/2022 16:30,Dinner,KFC,5,0,1,0,0,-0.7,0.5,0,-0.5,0.2,0
488,1/20/2022 17:00,Grocery,And also wash the dishes,5,4,1,0,0,-0.8,-0.5,0.6,0.3,0.5,0
490,1/20/2022 18:00,Video chat,Video chat,3,0,1,0,0,-0.2,-0.1,0,-0.2,-0.1,0
493,1/20/2022 19:30,Hot shower,Hot shower,3,0,1,0,0,-1,-0.6,0.3,0.4,0.4,0
494,1/20/2022 20:00,Meeting,Doing rescheduling algorithm,5,5,3,0,0,-1,-0.8,0.5,0.7,0.7,0
500,1/20/2022 23:00,Youtube,Youtube,0,0,1,0,0,-1,0.7,-0.1,-0.1,-0.1,0
502,1/21/2022 0:00,Go to sleep,Go to sleep,5,0,1,0,0,-1,1,0,-1,-1,0
526,1/21/2022 12:00,Yputube,Yputube,0,0,4,0,0,-0.5,-0.2,0,0.2,0.6,0
529,1/21/2022 13:30,Lunch,Lunch,5,1,1,0,0,-0.5,-0.4,0,-0.2,-0.2,0
530,1/21/2022 14:00,Class,Class,5,3,2,0,0,-0.8,0.7,0.5,0.5,0.7,0
534,1/21/2022 16:00,Research,Research,5,3,3,0,0,0.8,0.6,-0.3,0,-0.2,0
540,1/21/2022 19:00,Dinner,Dinner,5,2,1,0,0,0.4,0.8,0.2,-0.4,-0.1,0
541,1/21/2022 19:30,Read novel,Youtube and play pokemon game,0,2,4,0,0,0,-0.6,0.5,0.8,0.6,0
554,1/22/2022 2:00,Go to sleep,Go to sleep,5,0,1,0,0,-0.7,-0.7,0.5,0.3,0.7,0
571,1/22/2022 10:30,Youtube,Youtube,0,0,4,0,0,-0.7,-0.7,0,0,0.4,0
576,1/22/2022 13:00,Lunch,"Rice, fried eggs, pickled vegetable",5,1,1,0,0,-0.7,0.2,-0.2,-0.4,-0.3,0
577,1/22/2022 13:30,Assignment,Coding on Rescheduling algorithm,4,4,3,0,0,0.3,-0.7,0.2,0.6,0.8,0
582,1/22/2022 16:00,Class,Watch recording,3,3,2,0,0,0.3,-0.3,-0.2,-0.2,-0.2,0
585,1/22/2022 17:30,Meeting,Meeting,3,1,3,0,0,-0.2,-0.5,0,0.4,0.5,0
586,1/22/2022 18:00,Cooking,and eating dinner,5,2,1,0,0,-0.5,0.4,0.2,-0.7,-0.7,0
588,1/22/2022 19:00,Youtube,and reading novel,0,1,4,0,0,-0.7,-0.9,0.3,0.8,0.7,0
604,1/23/2022 3:00,Go to sleep,Go to sleep,5,0,1,0,0,-0.8,0.7,0.1,-0.4,-0.2,0
622,1/23/2022 12:00,relax,watch short video in bed,0,0,6,0,0,0,0,0.2,0,0.5,0
623,1/23/2022 12:30,relax,watch short video in bed,0,0,6,0.5,0,0.1,0.1,0.1,0,0.4,0
624,1/23/2022 13:00,relax,watch short video in bed,0,0,6,1,0,0.2,0.2,0,0,0.3,0
625,1/23/2022 13:30,relax,watch short video in bed,0,0,6,1.5,0,0.3,0.3,-0.1,0,0.3,0
626,1/23/2022 14:00,relax,watch short video in bed,0,0,6,2,0,0.4,0.4,-0.2,0,0.3,0
627,1/23/2022 14:30,relax,watch short video in bed,0,0,6,2.5,0,0.5,0.5,-0.3,0,0.3,0
628,1/23/2022 15:00,plat game,play genshin impact and world of warships,0,0,4,0,0,0.1,0.2,0.3,0.8,0.5,0
629,1/23/2022 15:30,plat game,play genshin impact and world of warships,0,1,5,0.5,1,0.1,0.1,0.3,0,0.5,0
630,1/23/2022 16:00,plat game,play genshin impact and world of warships,0,0,6,1,1,0.2,0.1,0.4,-0.1,0.3,0
631,1/23/2022 16:30,plat game,play genshin impact and world of warships,0,0,6,1.5,1,0.3,0.1,0.3,-0.2,0.3,0
632,1/23/2022 17:00,plat game,play genshin impact and world of warships,0,0,6,2,1,0.3,0.1,0.2,-0.3,0.3,0
633,1/23/2022 17:30,plat game,play genshin impact and world of warships,0,0,6,2.5,1,0.3,0.1,0.1,-0.3,0.3,0
634,1/23/2022 18:00,dinner,have dinner,3,0,6,0,0,0.1,0,0.2,0,0.3,0
635,1/23/2022 18:30,watch live,watch live or show,0,0,6,0,0,0,0,0.3,0.1,0.3,0
636,1/23/2022 19:00,watch live,watch live or show,0,0,6,0.5,0,0,0,0.3,0.1,0.3,0
637,1/23/2022 19:30,watch live,watch live or show,0,0,6,1,0,0,0,0.3,0.2,0.3,0
638,1/23/2022 20:00,watch live,watch live or show,0,0,6,1.5,0,0,0,0.3,0.2,0.3,0
639,1/23/2022 20:30,watch live,watch live or show,0,0,6,2,0,0,0,0.3,0.3,0.3,0
640,1/23/2022 21:00,watch live,watch live or show,0,0,6,2.5,0,0,0,0.3,0.4,0.3,0
641,1/23/2022 21:30,watch live,watch live or show,0,0,6,3,0,0,0,0.3,0.5,0.3,0
642,1/23/2022 22:00,watch live,watch live or show,0,0,6,3.5,0,0,0,0.3,0.5,0.3,0
643,1/23/2022 22:30,research,build test environment,4,4,3,0,0,0.4,-0.3,0.3,0.5,0.5,0
644,1/23/2022 23:00,research,build test environment,4,4,3,0.5,0,0.425,-0.25,0.22,0.5,0.5,0
645,1/23/2022 23:30,research,build test environment,4,4,3,1,0,0.45,-0.2,0.14,0.3,0.3,0
646,1/24/2022 0:00,research,build test environment,4,4,3,1.5,0,0.475,-0.15,0.06,0.3,0.3,0
647,1/24/2022 0:30,research,build test environment,4,4,3,2,0,0.5,-0.1,-0.02,0.2,0.2,0
648,1/24/2022 1:00,research,build test environment,4,4,3,2.5,0,0.525,-0.05,-0.1,0.2,0.2,0
649,1/24/2022 1:30,research,build test environment,4,4,3,3,0,0.55,0,-0.18,0,0.1,0
650,1/24/2022 2:00,research,build test environment,4,4,3,3.5,0,0.575,0.05,-0.26,-0.2,0,0
651,1/24/2022 2:30,research,build test environment,4,4,3,4,0,0.6,0.1,-0.34,-0.4,-0.1,0
668,1/24/2022 11:00,relax,watch short video in bed,0,0,6,0,0,0,0,0.2,0,0.5,0
669,1/24/2022 11:30,relax,watch short video in bed,0,0,6,0.5,0,0.1,0.1,0.1,0,0.4,0
670,1/24/2022 12:00,relax,watch short video in bed,0,0,6,1,0,0.2,0.2,0,0,0.3,0
671,1/24/2022 12:30,relax,watch short video in bed,0,0,6,1.5,0,0.3,0.3,-0.1,0,0.3,0
672,1/24/2022 13:00,relax,watch short video in bed,0,0,6,2,0,0.4,0.4,-0.2,0,0.3,0
673,1/24/2022 13:30,relax,watch short video in bed,0,0,6,2.5,0,0.5,0.5,-0.3,0,0.3,0
674,1/24/2022 14:00,plat game,play genshin impact and world of warships,0,0,4,0,0,0.1,0.2,0.3,0.8,0.5,0
675,1/24/2022 14:30,plat game,play genshin impact and world of warships,0,1,5,0.5,1,0.1,0.1,0.3,0,0.5,0
676,1/24/2022 15:00,plat game,play genshin impact and world of warships,0,0,6,1,1,0.2,0.1,0.4,-0.1,0.3,0
677,1/24/2022 15:30,plat game,play genshin impact and world of warships,0,0,6,1.5,1,0.3,0.1,0.3,-0.2,0.3,0
678,1/24/2022 16:00,plat game,play genshin impact and world of warships,0,0,6,2,1,0.3,0.1,0.2,-0.3,0.3,0
679,1/24/2022 16:30,plat game,play genshin impact and world of warships,0,0,6,2.5,1,0.3,0.1,0.1,-0.3,0.3,0
680,1/24/2022 17:00,dinner,have dinner,3,0,6,0,0,0.1,0,0.2,0,0.3,0
681,1/24/2022 17:30,watch live,watch live or show,0,0,6,0,0,0,0,0.3,0.1,0.3,0
682,1/24/2022 18:00,watch live,watch live or show,0,0,6,0.5,0,0,0,0.3,0.1,0.3,0
683,1/24/2022 18:30,watch live,watch live or show,0,0,6,1,0,0,0,0.3,0.2,0.3,0
684,1/24/2022 19:00,watch live,watch live or show,0,0,6,1.5,0,0,0,0.3,0.2,0.3,0
685,1/24/2022 19:30,watch live,watch live or show,0,0,6,2,0,0,0,0.3,0.3,0.3,0
686,1/24/2022 20:00,watch live,watch live or show,0,0,6,2.5,0,0,0,0.3,0.4,0.3,0
687,1/24/2022 20:30,watch live,watch live or show,0,0,6,3,0,0,0,0.3,0.5,0.3,0
688,1/24/2022 21:00,watch live,watch live or show,0,0,6,3.5,0,0,0,0.3,0.5,0.3,0
689,1/24/2022 21:30,research,build test environment,4,4,3,0,0,0.4,-0.3,0.3,0.5,0.5,0
690,1/24/2022 22:00,research,build test environment,4,4,3,0.5,0,0.425,-0.25,0.22,0.5,0.5,0
691,1/24/2022 22:30,research,build test environment,4,4,3,1,0,0.45,-0.2,0.14,0.3,0.3,0
692,1/24/2022 23:00,research,build test environment,4,4,3,1.5,0,0.475,-0.15,0.06,0.3,0.3,0
693,1/24/2022 23:30,research,build test environment,4,4,3,2,0,0.5,-0.1,-0.02,0.2,0.2,0
694,1/25/2022 0:00,research,build test environment,4,4,3,2.5,0,0.525,-0.05,-0.1,0.2,0.2,0
695,1/25/2022 0:30,research,build test environment,4,4,3,3,0,0.55,0,-0.18,0,0.1,0
696,1/25/2022 1:00,research,build test environment,4,4,3,3.5,0,0.575,0.05,-0.26,-0.2,0,0
697,1/25/2022 1:30,research,build test environment,4,4,3,4,0,0.6,0.1,-0.34,-0.4,-0.1,0
714,1/25/2022 10:00,relax,watch short video in bed,0,0,6,0,0,0,0,0.2,0,0.5,0
715,1/25/2022 10:30,relax,watch short video in bed,0,0,6,0.5,0,0.1,0.1,0.1,0,0.4,0
716,1/25/2022 11:00,relax,watch short video in bed,0,0,6,1,0,0.2,0.2,0,0,0.3,0
717,1/25/2022 11:30,relax,watch short video in bed,0,0,6,1.5,0,0.3,0.3,-0.1,0,0.3,0
718,1/25/2022 12:00,relax,watch short video in bed,0,0,6,2,0,0.4,0.4,-0.2,0,0.3,0
719,1/25/2022 12:30,relax,watch short video in bed,0,0,6,2.5,0,0.5,0.5,-0.3,0,0.3,0
720,1/25/2022 13:00,plat game,play genshin impact and world of warships,0,0,4,0,0,0.1,0.2,0.3,0.8,0.5,0
721,1/25/2022 13:30,plat game,play genshin impact and world of warships,0,1,5,0.5,1,0.1,0.1,0.3,0,0.5,0
722,1/25/2022 14:00,plat game,play genshin impact and world of warships,0,0,6,1,1,0.2,0.1,0.4,-0.1,0.3,0
723,1/25/2022 14:30,plat game,play genshin impact and world of warships,0,0,6,1.5,1,0.3,0.1,0.3,-0.2,0.3,0
724,1/25/2022 15:00,plat game,play genshin impact and world of warships,0,0,6,2,1,0.3,0.1,0.2,-0.3,0.3,0
725,1/25/2022 15:30,plat game,play genshin impact and world of warships,0,0,6,2.5,1,0.3,0.1,0.1,-0.3,0.3,0
726,1/25/2022 16:00,dinner,have dinner,3,0,6,0,0,0.1,0,0.2,0,0.3,0
727,1/25/2022 16:30,watch live,watch live or show,0,0,6,0,0,0,0,0.3,0.1,0.3,0
728,1/25/2022 17:00,watch live,watch live or show,0,0,6,0.5,0,0,0,0.3,0.1,0.3,0
729,1/25/2022 17:30,watch live,watch live or show,0,0,6,1,0,0,0,0.3,0.2,0.3,0
730,1/25/2022 18:00,watch live,watch live or show,0,0,6,1.5,0,0,0,0.3,0.2,0.3,0
731,1/25/2022 18:30,watch live,watch live or show,0,0,6,2,0,0,0,0.3,0.3,0.3,0
732,1/25/2022 19:00,watch live,watch live or show,0,0,6,2.5,0,0,0,0.3,0.4,0.3,0
733,1/25/2022 19:30,watch live,watch live or show,0,0,6,3,0,0,0,0.3,0.5,0.3,0
734,1/25/2022 20:00,watch live,watch live or show,0,0,6,3.5,0,0,0,0.3,0.5,0.3,0
735,1/25/2022 20:30,research,build test environment,4,4,3,0,0,0.4,-0.3,0.3,0.5,0.5,0
736,1/25/2022 21:00,research,build test environment,4,4,3,0.5,0,0.425,-0.25,0.22,0.5,0.5,0
737,1/25/2022 21:30,research,build test environment,4,4,3,1,0,0.45,-0.2,0.14,0.3,0.3,0
738,1/25/2022 22:00,research,build test environment,4,4,3,1.5,0,0.475,-0.15,0.06,0.3,0.3,0
739,1/25/2022 22:30,research,build test environment,4,4,3,2,0,0.5,-0.1,-0.02,0.2,0.2,0
740,1/25/2022 23:00,research,build test environment,4,4,3,2.5,0,0.525,-0.05,-0.1,0.2,0.2,0
741,1/25/2022 23:30,research,build test environment,4,4,3,3,0,0.55,0,-0.18,0,0.1,0
742,1/26/2022 0:00,research,build test environment,4,4,3,3.5,0,0.575,0.05,-0.26,-0.2,0,0
743,1/26/2022 0:30,research,build test environment,4,4,3,4,0,0.6,0.1,-0.34,-0.4,-0.1,0
760,1/26/2022 9:00,research,reading paper and derive functions,4,5,3,0,0,-0.5,0.1,0,0.8,0.9,0
761,1/26/2022 9:30,research,reading paper and derive functions,4,5,3,0.5,0,-0.4,0.1,0.1,0.7,0.8,0
762,1/26/2022 10:00,research,reading paper and derive functions,4,5,3,1,0,-0.4,0.1,0.2,0.5,0.5,0
763,1/26/2022 10:30,research,reading paper and derive functions,4,5,3,1.5,0,-0.4,0.1,0.2,0.3,0.5,0
764,1/26/2022 11:00,research,reading paper and derive functions,4,5,3,2,0,-0.3,0.1,0.2,0.1,0.3,0
765,1/26/2022 11:30,snap,lunch and relax,1,0,1,0,1,-0.6,-0.2,0.3,0.1,0.2,0
766,1/26/2022 12:00,snap,lunch and relax,1,0,1,0.5,1,-0.6,-0.3,0.4,0,0.1,0
767,1/26/2022 12:30,snap,lunch and relax,1,0,1,1,1,-0.6,-0.3,0.4,-0.3,-0.2,0
768,1/26/2022 13:00,snap,lunch and relax,1,0,1,1.5,1,-0.6,-0.3,0.4,-0.2,-0.1,0
769,1/26/2022 13:30,research,coding for reseach,4,4,3,0,0,-0.3,-0.5,0.3,0.3,0.1,0
770,1/26/2022 14:00,research,coding for reseach,4,4,3,0.5,0,-0.2,-0.5,0.3,0.6,0.2,0
771,1/26/2022 14:30,research,coding for reseach,4,4,3,1,0,-0.2,-0.3,0.3,0.8,0.3,0
772,1/26/2022 15:00,research,coding for reseach,4,4,3,1.5,0,0,0,-0.3,0.5,0.4,0
773,1/26/2022 15:30,research,coding for reseach,4,4,3,2,0,0,0.2,0,0.3,0.5,0
774,1/26/2022 16:00,research,coding for reseach,4,4,3,2.5,0,-0.2,0.3,0.3,0.1,0.2,0
778,1/26/2022 18:00,watch videos,watch shows and animes,0,0,6,0,1,-0.3,-0.7,0.5,0.2,0.5,0
779,1/26/2022 18:30,watch videos,watch shows and animes,0,0,6,0.5,1,-0.3,-0.7,0.6,0.2,0.5,0
780,1/26/2022 19:00,watch videos,watch shows and animes,0,0,6,1,1,-0.3,-0.7,0.6,0.2,0.5,0
781,1/26/2022 19:30,exercise,HIIT and jogging,1,1,1,0,1,-0.5,-0.8,0.5,0,0.5,0
782,1/26/2022 20:00,exercise,HIIT and jogging,1,1,1,0.5,1,-0.7,-0.8,0.5,0,0.5,0
784,1/26/2022 21:00,play game,play genshin impact and world of warships,0,0,4,0,1,-0.8,-0.8,0.6,0.3,0.6,0
785,1/26/2022 21:30,play game,play genshin impact and world of warships,0,0,4,0.5,1,-0.8,-0.8,0.6,0.1,0.6,0
786,1/26/2022 22:00,play game,play genshin impact and world of warships,0,0,4,1,1,-0.8,-0.8,0.6,-0.1,0.6,0
787,1/26/2022 22:30,watch live,watch twitch live,0,0,6,0,1,-0.5,-0.8,0.6,-0.3,0.3,0
788,1/26/2022 23:00,watch live,watch twitch live,0,0,6,0.5,1,-0.5,-0.8,0.5,-0.3,0.1,0
789,1/26/2022 23:30,watch live,watch twitch live,0,0,6,1,1,-0.5,-0.8,0.3,-0.3,-0.1,0
808,1/27/2022 9:00,research,reading paper and derive functions,4,5,3,0,0,-0.5,0.1,0,0.8,0.9,0
809,1/27/2022 9:30,research,reading paper and derive functions,4,5,3,0.5,0,-0.4,0.1,0.1,0.7,0.8,0
810,1/27/2022 10:00,research,reading paper and derive functions,4,5,3,1,0,-0.4,0.1,0.2,0.5,0.5,0
811,1/27/2022 10:30,research,reading paper and derive functions,4,5,3,1.5,0,-0.4,0.1,0.2,0.3,0.5,0
812,1/27/2022 11:00,research,reading paper and derive functions,4,5,3,2,0,-0.3,0.1,0.2,0.1,0.3,0
813,1/27/2022 11:30,snap,lunch and relax,1,0,1,0,1,-0.6,-0.2,0.3,0.1,0.2,0
814,1/27/2022 12:00,snap,lunch and relax,1,0,1,0.5,1,-0.6,-0.3,0.4,0,0.1,0
815,1/27/2022 12:30,snap,lunch and relax,1,0,1,1,1,-0.6,-0.3,0.4,-0.3,-0.2,0
816,1/27/2022 13:00,snap,lunch and relax,1,0,1,1.5,1,-0.6,-0.3,0.4,-0.2,-0.1,0
817,1/27/2022 13:30,research,coding for reseach,4,4,3,0,0,-0.3,-0.5,0.3,0.3,0.1,0
818,1/27/2022 14:00,research,coding for reseach,4,4,3,0.5,0,-0.2,-0.5,0.3,0.6,0.2,0
819,1/27/2022 14:30,research,coding for reseach,4,4,3,1,0,-0.2,-0.3,0.3,0.8,0.3,0
820,1/27/2022 15:00,research,coding for reseach,4,4,3,1.5,0,0,0,-0.3,0.5,0.4,0
821,1/27/2022 15:30,research,coding for reseach,4,4,3,2,0,0,0.2,0,0.3,0.5,0
822,1/27/2022 16:00,research,coding for reseach,4,4,3,2.5,0,-0.2,0.3,0.3,0.1,0.2,0
826,1/27/2022 18:00,watch videos,watch shows and animes,0,0,6,0,1,-0.3,-0.7,0.5,0.2,0.5,0
827,1/27/2022 18:30,watch videos,watch shows and animes,0,0,6,0.5,1,-0.3,-0.7,0.6,0.2,0.5,0
828,1/27/2022 19:00,watch videos,watch shows and animes,0,0,6,1,1,-0.3,-0.7,0.6,0.2,0.5,0
829,1/27/2022 19:30,exercise,HIIT and jogging,1,1,1,0,1,-0.5,-0.8,0.5,0,0.5,0
830,1/27/2022 20:00,exercise,HIIT and jogging,1,1,1,0.5,1,-0.7,-0.8,0.5,0,0.5,0
832,1/27/2022 21:00,play game,play genshin impact and world of warships,0,0,4,0,1,-0.8,-0.8,0.6,0.3,0.6,0
833,1/27/2022 21:30,play game,play genshin impact and world of warships,0,0,4,0.5,1,-0.8,-0.8,0.6,0.1,0.6,0
834,1/27/2022 22:00,play game,play genshin impact and world of warships,0,0,4,1,1,-0.8,-0.8,0.6,-0.1,0.6,0
835,1/27/2022 22:30,watch live,watch twitch live,0,0,6,0,1,-0.5,-0.8,0.6,-0.3,0.3,0
836,1/27/2022 23:00,watch live,watch twitch live,0,0,6,0.5,1,-0.5,-0.8,0.5,-0.3,0.1,0
837,1/27/2022 23:30,watch live,watch twitch live,0,0,6,1,1,-0.5,-0.8,0.3,-0.3,-0.1,0
856,1/28/2022 9:00,research,reading paper and derive functions,4,5,3,0,0,-0.5,0.1,0,0.8,0.9,0
857,1/28/2022 9:30,research,reading paper and derive functions,4,5,3,0.5,0,-0.4,0.1,0.1,0.7,0.8,0
858,1/28/2022 10:00,research,reading paper and derive functions,4,5,3,1,0,-0.4,0.1,0.2,0.5,0.5,0
859,1/28/2022 10:30,research,reading paper and derive functions,4,5,3,1.5,0,-0.4,0.1,0.2,0.3,0.5,0
860,1/28/2022 11:00,research,reading paper and derive functions,4,5,3,2,0,-0.3,0.1,0.2,0.1,0.3,0
861,1/28/2022 11:30,snap,lunch and relax,1,0,1,0,1,-0.6,-0.2,0.3,0.1,0.2,0
862,1/28/2022 12:00,snap,lunch and relax,1,0,1,0.5,1,-0.6,-0.3,0.4,0,0.1,0
863,1/28/2022 12:30,snap,lunch and relax,1,0,1,1,1,-0.6,-0.3,0.4,-0.3,-0.2,0
864,1/28/2022 13:00,snap,lunch and relax,1,0,1,1.5,1,-0.6,-0.3,0.4,-0.2,-0.1,0
865,1/28/2022 13:30,research,coding for reseach,4,4,3,0,0,-0.3,-0.5,0.3,0.3,0.1,0
866,1/28/2022 14:00,research,coding for reseach,4,4,3,0.5,0,-0.2,-0.5,0.3,0.6,0.2,0
867,1/28/2022 14:30,research,coding for reseach,4,4,3,1,0,-0.2,-0.3,0.3,0.8,0.3,0
868,1/28/2022 15:00,research,coding for reseach,4,4,3,1.5,0,0,0,-0.3,0.5,0.4,0
869,1/28/2022 15:30,research,coding for reseach,4,4,3,2,0,0,0.2,0,0.3,0.5,0
870,1/28/2022 16:00,research,coding for reseach,4,4,3,2.5,0,-0.2,0.3,0.3,0.1,0.2,0
874,1/28/2022 18:00,watch videos,watch shows and animes,0,0,6,0,1,-0.3,-0.7,0.5,0.2,0.5,0
875,1/28/2022 18:30,watch videos,watch shows and animes,0,0,6,0.5,1,-0.3,-0.7,0.6,0.2,0.5,0
876,1/28/2022 19:00,watch videos,watch shows and animes,0,0,6,1,1,-0.3,-0.7,0.6,0.2,0.5,0
877,1/28/2022 19:30,exercise,HIIT and jogging,1,1,1,0,1,-0.5,-0.8,0.5,0,0.5,0
878,1/28/2022 20:00,exercise,HIIT and jogging,1,1,1,0.5,1,-0.7,-0.8,0.5,0,0.5,0
880,1/28/2022 21:00,play game,play genshin impact and world of warships,0,0,4,0,1,-0.8,-0.8,0.6,0.3,0.6,0
881,1/28/2022 21:30,play game,play genshin impact and world of warships,0,0,4,0.5,1,-0.8,-0.8,0.6,0.1,0.6,0
882,1/28/2022 22:00,play game,play genshin impact and world of warships,0,0,4,1,1,-0.8,-0.8,0.6,-0.1,0.6,0
883,1/28/2022 22:30,watch live,watch twitch live,0,0,6,0,1,-0.5,-0.8,0.6,-0.3,0.3,0
884,1/28/2022 23:00,watch live,watch twitch live,0,0,6,0.5,1,-0.5,-0.8,0.5,-0.3,0.1,0
885,1/28/2022 23:30,watch live,watch twitch live,0,0,6,1,1,-0.5,-0.8,0.3,-0.3,-0.1,0
904,1/29/2022 9:00,watch live,watch twitch live,0,0,6,0,1,-0.3,-0.3,0.3,0.5,0.6,0
905,1/29/2022 9:30,watch live,watch twitch live,0,0,6,0.5,1,-0.2,-0.3,0.2,0.4,0.4,0
906,1/29/2022 10:00,watch live,watch twitch live,0,0,6,1,1,-0.1,-0.2,0.1,0.3,0.2,0
907,1/29/2022 10:30,watch live,watch twitch live,0,0,6,1.5,1,0,-0.2,0,0.3,0,0
908,1/29/2022 11:00,watch live,watch twitch live,0,0,6,2,1,0.1,-0.1,-0.1,0.2,0,0
909,1/29/2022 11:30,watch live,watch twitch live,0,0,6,2.5,1,0.2,-0.1,-0.1,0.2,0,0
910,1/29/2022 12:00,watch live,watch twitch live,0,0,6,3,1,0.3,0,-0.1,0.2,0,0
913,1/29/2022 13:30,play game,play genshin impact and world of warships,0,0,4,0,1,0.3,-0.3,0.1,0.3,0.5,0
914,1/29/2022 14:00,play game,play genshin impact and world of warships,0,0,4,0.5,1,0.2,-0.3,0.2,0.3,0.5,0
915,1/29/2022 14:30,play game,play genshin impact and world of warships,0,0,4,1,1,0.1,-0.3,0.3,0.2,0.4,0
916,1/29/2022 15:00,play game,play genshin impact and world of warships,0,0,4,1.5,1,0,-0.3,0.4,0.2,0.4,0
917,1/29/2022 15:30,play game,play genshin impact and world of warships,0,0,4,2,1,-0.1,-0.3,0.4,0.1,0.2,0
918,1/29/2022 16:00,play game,play genshin impact and world of warships,0,0,4,2.5,1,0.1,-0.3,0.2,0.1,0.2,0
924,1/29/2022 19:00,research,reading paper,4,4,3,0,0,0.3,0,-0.2,0.5,0.5,0
925,1/29/2022 19:30,research,reading paper,4,4,3,0.5,0,0.1,-0.3,-0.1,0.3,0.4,0
926,1/29/2022 20:00,exercise,HIIT and jogging,1,1,1,0,1,-0.1,-0.3,0.1,0.3,0.4,0
927,1/29/2022 20:30,exercise,HIIT and jogging,1,1,1,0,1,-0.3,-0.3,0.2,0.4,0.4,0
932,1/29/2022 23:00,research,code and debug,4,4,3,0,0,0.5,-0.2,-0.3,0.3,0.6,0
933,1/29/2022 23:30,research,code and debug,4,4,3,0.5,0,0.4,-0.5,-0.3,0.4,0.5,0
934,1/30/2022 0:00,research,code and debug,4,4,3,1,0,0.2,-0.5,-0.1,0.3,0.4,0
935,1/30/2022 0:30,research,code and debug,4,4,3,1.5,0,0.2,-0.3,0,0.2,0.3,0
936,1/30/2022 1:00,research,code and debug,4,4,3,2,0,0.1,-0.3,0.1,0.1,0.3,0
937,1/30/2022 1:30,research,code and debug,4,4,3,2.5,0,0.1,-0.2,-0.1,0,0.1,0
938,1/30/2022 2:00,research,code and debug,4,4,3,3,0,0.3,-0.5,0,-0.1,0.1,0
956,1/30/2022 11:00,watch live,watch twitch live,0,0,6,0,1,-0.3,-0.3,0.3,0.5,0.6,0
957,1/30/2022 11:30,watch live,watch twitch live,0,0,6,0.5,1,-0.2,-0.3,0.2,0.4,0.4,0
958,1/30/2022 12:00,watch live,watch twitch live,0,0,6,1,1,-0.1,-0.2,0.1,0.3,0.2,0
959,1/30/2022 12:30,watch live,watch twitch live,0,0,6,1.5,1,0,-0.2,0,0.3,0,0
960,1/30/2022 13:00,watch live,watch twitch live,0,0,6,2,1,0.1,-0.1,-0.1,0.2,0,0
961,1/30/2022 13:30,watch live,watch twitch live,0,0,6,2.5,1,0.2,-0.1,-0.1,0.2,0,0
962,1/30/2022 14:00,watch live,watch twitch live,0,0,6,3,1,0.3,0,-0.1,0.2,0,0
965,1/30/2022 15:30,play game,play genshin impact and world of warships,0,0,4,0,1,0.3,-0.3,0.1,0.3,0.5,0
966,1/30/2022 16:00,play game,play genshin impact and world of warships,0,0,4,0.5,1,0.2,-0.3,0.2,0.3,0.5,0
967,1/30/2022 16:30,play game,play genshin impact and world of warships,0,0,4,1,1,0.1,-0.3,0.3,0.2,0.4,0
968,1/30/2022 17:00,play game,play genshin impact and world of warships,0,0,4,1.5,1,0,-0.3,0.4,0.2,0.4,0
969,1/30/2022 17:30,play game,play genshin impact and world of warships,0,0,4,2,1,-0.1,-0.3,0.4,0.1,0.2,0
970,1/30/2022 18:00,play game,play genshin impact and world of warships,0,0,4,2.5,1,0.1,-0.3,0.2,0.1,0.2,0
976,1/30/2022 21:00,research,reading paper,4,4,3,0,0,0.3,0,-0.2,0.5,0.5,0
977,1/30/2022 21:30,research,reading paper,4,4,3,0.5,0,0.1,-0.3,-0.1,0.3,0.4,0
978,1/30/2022 22:00,exercise,HIIT and jogging,1,1,1,0,1,-0.1,-0.3,0.1,0.3,0.4,0
979,1/30/2022 22:30,exercise,HIIT and jogging,1,1,1,0,1,-0.3,-0.3,0.2,0.4,0.4,0
984,1/31/2022 1:00,research,code and debug,4,4,3,0,0,0.5,-0.2,-0.3,0.3,0.6,0
985,1/31/2022 1:30,research,code and debug,4,4,3,0.5,0,0.4,-0.5,-0.3,0.4,0.5,0
986,1/31/2022 2:00,research,code and debug,4,4,3,1,0,0.2,-0.5,-0.1,0.3,0.4,0
987,1/31/2022 2:30,research,code and debug,4,4,3,1.5,0,0.2,-0.3,0,0.2,0.3,0
988,1/31/2022 3:00,research,code and debug,4,4,3,2,0,0.1,-0.3,0.1,0.1,0.3,0
989,1/31/2022 3:30,research,code and debug,4,4,3,2.5,0,0.1,-0.2,-0.1,0,0.1,0
990,1/31/2022 4:00,research,code and debug,4,4,3,3,0,0.3,-0.5,0,-0.1,0.1,0
991,1/2/2022 9:00,morining preparetion ,"prepare to go out (wash face, brush tooth)",3,0,1,0,0,0,0,0,0,0,0
992,1/2/2022 9:30,breakfast,have lunch which bought yesteday,0,0,1,0,0,0,0,0.2,0.4,0.1,0
993,1/2/2022 10:00,breakfast,have lunch which bought yesteday,0,0,1,0.5,0,0,0,0.3,0.8,0.1,
994,1/2/2022 10:30,homework,finish the homework of xxx lecture,4,3,2,1,0,0.2,-0.1,0.2,0.6,0.8,
995,1/2/2022 11:00,homework,finish the homework of xxx lecture,4,3,2,1.5,0,0.3,-0.1,0.1,0.5,0.7,
996,1/2/2022 11:30,homework,finish the homework of xxx lecture,4,3,2,2,0,0.1,-0.1,0,0.5,0.7,
997,1/2/2022 12:00,lunch,have lunch cooked by myself,0,0,1,0,0,0,0,0,0.6,0.2,
998,1/2/2022 12:30,lunch,have lunch cooked by myself,0,0,1,0.5,0,-0.2,-0.3,0.1,0.8,0.2,
999,1/2/2022 13:00,go to lab,go to lab and organize study materials,2,1,6,0,0,-0.2,-0.3,0.2,0.8,0.2,
1000,1/2/2022 13:30,research,contiune my research and fix the code,5,4,2,0,0,-0.1,-0.1,0.1,0.8,0.9,
1001,1/2/2022 14:00,research,contiune my research and fix the code,5,4,2,0.5,0,0,0,0.1,0.8,0.9,
1002,1/2/2022 14:30,research,contiune my research and fix the code,5,4,2,1,0,0.1,0.1,0.1,0.8,0.9,
1003,1/2/2022 15:00,research,contiune my research and fix the code,5,4,2,1.5,0,0.1,0.2,0,0.7,0.8,
1004,1/2/2022 15:30,research,contiune my research and fix the code,5,4,2,2,0,0.2,0.2,-0.1,0.7,0.8,
1005,1/2/2022 16:00,research,contiune my research and fix the code,5,4,2,2.5,0,0.4,0.3,-0.2,0.6,0.8,
1006,1/2/2022 16:30,research,contiune my research and fix the code,5,4,2,3,0,0.6,0.4,-0.3,0.5,0.7,
1007,1/2/2022 17:00,research,contiune my research and fix the code,5,4,2,3.5,0,0.7,0.4,-0.3,0.4,0.7,
1008,1/2/2022 17:30,dinner,have dinner in nearby restaurant,0,0,1,0,0,0.6,0.3,-0.2,0.6,0,
1009,1/2/2022 18:00,dinner,have dinner in nearby restaurant,0,0,1,0.5,0,0.6,0.3,-0.2,0.8,0,
1010,1/2/2022 18:30,youtube video,watch my favorite video on youtube,0,0,4,0,0,0.3,0.1,0,0.8,0.1,
1011,1/2/2022 19:00,youtube video,watch my favorite video on youtube,0,0,4,0.5,1,0.2,0.1,0.1,0.8,0.1,
1012,1/2/2022 19:30,research,contiune my research and fix the code,5,4,2,0,1,0.2,0.1,-0.1,0.7,0.7,
1013,1/2/2022 20:00,research,contiune my research and fix the code,5,4,2,0.5,0,0.4,0.2,-0.3,0.7,0.7,
1014,1/2/2022 20:30,research,contiune my research and fix the code,5,4,2,0.5,0,0.4,0.3,-0.4,0.6,0.6,
1015,1/2/2022 21:00,research,contiune my research and fix the code,5,4,2,0.5,0,0.5,0.3,-0.4,0.5,0.5,
1016,1/2/2022 21:30,research,contiune my research and fix the code,5,4,2,0.5,0,0.5,0.4,-0.5,0.4,0.4,
1017,1/2/2022 22:00,go home,go back home,2,1,6,0.5,0,0.4,0.3,-0.2,0.3,0,
1018,1/2/2022 22:30,game,play pc games at home,0,0,4,0,1,0.3,0.1,0.2,0.4,0.4,
1019,1/2/2022 23:00,game,play pc games at home,0,0,4,0.5,1,-0.3,-0.1,0.4,0.4,0.5,
1020,1/2/2022 23:30,game,play pc games at home,0,0,4,1,1,-0.6,-0.3,0.8,0.3,0.4,
1021,2/2/2022 0:00,sleep,go to sleep,0,0,4,1.5,0,-0.3,-0.1,0.3,0,0,
1022,2/2/2022 9:30,morining preparetion ,"prepare to go out (wash face, brush tooth)",3,0,1,0,0,0.3,0.1,-0.2,0,0,
1023,2/2/2022 10:00,music,have the music when waking up,0,0,4,0,0,0,0,0,0,0,
1024,2/2/2022 10:30,music,have the music when waking up,0,0,4,0.5,0,0.1,0,0.1,0.3,0,
1025,2/2/2022 11:00,lunch,have lunch which bought yesteday,0,0,1,0,0,0.3,0,0.2,0.5,0,
1026,2/2/2022 11:30,lunch,have lunch which bought yesteday,0,0,1,0.5,0,0.2,0,0.3,0.5,0,
1027,2/2/2022 12:00,go to lab,go to lab and organize study materials,2,1,2,0,0,0.1,0.2,-0.2,0.3,0.4,
1028,2/2/2022 12:30,go to lab,go to lab and organize study materials,2,1,2,0.5,0,0.2,0.2,-0.3,0.3,0.4,
1029,2/2/2022 13:00,research,contiune my research and fix the code,5,4,2,0,0,0.4,0.3,-0.4,0.2,0.3,
1030,2/2/2022 13:30,research,contiune my research and fix the code,5,4,2,0.5,0,0.4,0.3,-0.5,0.2,0.3,
1031,2/2/2022 14:00,research,contiune my research and fix the code,5,4,2,1,0,0.4,0.3,-0.4,0.2,0.3,
1032,2/2/2022 14:30,research,contiune my research and fix the code,5,4,2,1.5,0,0.5,0.3,-0.4,0.2,0.3,
1033,2/2/2022 15:00,research,contiune my research and fix the code,5,4,2,2,0,0.5,0.3,-0.5,0.2,0.3,
1034,2/2/2022 15:30,research,contiune my research and fix the code,5,4,2,2.5,0,0.6,0.4,-0.6,0.1,0.1,
1035,2/2/2022 16:00,research,contiune my research and fix the code,5,4,2,3,0,0.6,0.5,-0.7,0.1,0,
1036,2/2/2022 16:30,dinner,have dinner in nearby restaurant,0,0,1,0,0,0.3,0.3,-0.3,0.3,0,
1037,2/2/2022 17:00,dinner,have dinner in nearby restaurant,0,0,1,0.5,0,0.1,0.1,0,0.5,0,
1038,2/2/2022 17:30,youtube video,watch my favorite video on youtube,0,0,4,0.5,0,0.1,0.2,0,0.5,0,
1039,2/2/2022 18:00,research,contiune my research and fix the code,5,4,2,0,0,0.2,0.3,0.1,0.4,0.7,
1040,2/2/2022 18:30,research,contiune my research and fix the code,5,4,2,0.5,0,0.2,0.4,0.1,0.4,0.6,
1041,2/2/2022 19:00,research,contiune my research and fix the code,5,4,2,1,0,0.2,0.4,0.1,0.3,0.6,
1042,2/2/2022 19:30,research,contiune my research and fix the code,5,4,2,1.5,0,0.3,0.5,0,0.3,0.5,
1043,2/2/2022 20:00,research,contiune my research and fix the code,5,4,2,2,0,0.3,0.2,0,0.3,0.5,
1044,2/2/2022 20:30,research,contiune my research and fix the code,5,4,2,2.5,0,0.6,0.3,-0.3,0.1,0.3,
1045,2/2/2022 21:00,game,play pc games at home,0,0,4,0,1,-0.3,-0.2,-0.1,0.2,0.5,
1046,2/2/2022 21:30,game,play pc games at home,0,0,4,0.5,1,-0.5,-0.6,0.8,0.1,0.3,
1047,2/2/2022 22:00,sleep,go to sleep,0,0,4,1.5,0,-0.3,-0.1,0.3,0,0,
1048,2/2/2022 10:00,youtube video,watch my favorite video on youtube,0,0,4,0,0,0.2,0.1,-0.1,-0.1,-0.2,
1049,2/2/2022 10:30,youtube video,watch my favorite video on youtube,0,0,4,0.5,0,0.1,0.1,0.1,0,-0.2,
1050,3/2/2022 10:30,lunch,have lunch which cooked by myself,0,0,1,0,0,0.2,0.1,0,0.1,0,
1051,3/2/2022 11:00,lunch,have lunch which cooked by myself,0,0,1,0.5,0,0.3,0.2,-0.1,0,0,
1052,3/2/2022 11:30,research,go to lab and research,2,1,2,0,0,0.3,0.1,-0.2,0.1,0.2,
1053,3/2/2022 12:00,research,go to lab and research,2,1,2,0.5,0,0.1,0.2,-0.2,0.3,0.4,
1054,3/2/2022 12:30,lecture,have the lecture of mathematical models and computer science ,4,5,2,0,0,0.3,0.3,-0.4,0.2,0.3,
1055,3/2/2022 13:00,lecture,have the lecture of mathematical models and computer science ,4,5,2,0.5,0,0.4,0.4,-0.5,0.1,0.2,
1056,3/2/2022 13:30,lecture,have the lecture of mathematical models and computer science ,4,5,2,1.5,0,0.4,0.6,-0.5,0.1,0.3,
1057,3/2/2022 14:00,lecture,have the lecture of mathematical models and computer science ,4,5,2,2,0,0.5,0.8,-0.6,0.1,0.4,
1058,3/2/2022 14:30,chat,chat with friend in the same lab,1,0,4,0,0,0.2,0.3,0,0.3,0.5,
1059,3/2/2022 15:00,chat,chat with friend in the same lab,1,0,4,0.5,0,-0.3,0,0.5,0.6,0.8,
1060,3/2/2022 15:30,research,contiune my research and fix the code,5,4,2,0,0,-0.4,0.1,0.5,0.6,0.7,
1061,3/2/2022 16:00,research,contiune my research and fix the code,5,4,2,0.5,0,-0.6,0,0.4,0.5,0.6,
1062,3/2/2022 16:30,research,contiune my research and fix the code,5,4,2,1,0,-0.5,0.1,0.4,0.5,0.6,
1063,3/2/2022 17:00,research,contiune my research and fix the code,5,4,2,1.5,0,-0.4,0.1,0.3,0.4,0.5,
1064,3/2/2022 17:30,dinner,have dinner in nearby restaurant,0,0,1,0,0,-0.1,0.1,0.2,0.4,0.5,
1065,3/2/2022 18:00,dinner,have dinner in nearby restaurant,0,0,1,0.5,0,0,0.1,0.1,0.5,0.5,
1066,3/2/2022 18:30,research,contiune my research and check more papers,5,4,2,0,0,0.1,0.1,0,0.4,0.6,
1067,3/2/2022 19:00,research,contiune my research and check more papers,5,4,2,0.5,0,0.2,0.2,-0.1,0.3,0.6,
1068,3/2/2022 19:30,research,contiune my research and check more papers,5,4,2,1,0,0.3,0.3,-0.2,0.2,0.5,
1069,3/2/2022 20:00,research,contiune my research and check more papers,5,4,2,1.5,0,0.4,0.3,-0.3,0.2,0.4,
1070,3/2/2022 20:30,research,contiune my research and check more papers,5,4,2,2,0,0.4,0.3,-0.3,0.2,0.2,
1071,3/2/2022 21:00,research,contiune my research and check more papers,5,4,2,2.5,0,0.4,0.3,-0.3,0,0,
1072,3/2/2022 21:30,youtube video,watch my favorite video on youtube,0,0,4,0,0,0,-0.5,0.4,0,0.1,
1073,3/2/2022 22:00,youtube video,watch my favorite video on youtube,0,0,4,0.5,0,-0.2,-0.8,0.6,0,0,
1074,3/2/2022 22:30,sleep,go to sleep,0,0,4,1.5,0,-0.3,-0.1,0.3,0,0,
1075,4/2/2022 10:30,rest,just do no nothing,0,0,4,0,0,0.5,0.5,-0.6,-0.7,-0.8,
1076,4/2/2022 11:00,rest,just do no nothing,0,0,4,0.5,0,0.4,0.3,-0.4,-0.6,-0.7,
1077,4/2/2022 11:30,rest,just do no nothing,0,0,4,1,0,0.2,0.2,-0.3,-0.4,-0.4,
1078,4/2/2022 12:00,rest,just do no nothing,0,0,4,1.5,0,0.2,0.2,-0.2,-0.5,-0.3,
1079,4/2/2022 12:30,lunch,have lunch which cooked by myself,0,0,1,0,0,0.1,0.2,-0.2,0,0.2,
1080,4/2/2022 13:00,lunch,have lunch which cooked by myself,0,0,1,0.5,0,0.1,0.2,-0.1,0.1,0.3,
1081,4/2/2022 13:30,game,Relaxing little game,0,0,4,0,0,0,0.1,-0.1,0.1,0.3,
1082,4/2/2022 14:00,game,Relaxing little game,0,0,4,0.5,0,-0.1,0.2,-0.2,0.2,0.3,
1083,4/2/2022 14:30,research,go to lab and do report,5,5,2,0,0,-0.2,0.3,0,0.2,0.4,
1084,4/2/2022 15:00,research,go to lab and do report,5,5,2,0.5,0,0,0.2,-0.1,0.3,0.2,
1085,4/2/2022 15:30,research,go to lab and do report,5,5,2,1,0,0.3,0.4,-0.2,0.1,0.1,
1086,4/2/2022 16:00,research,go to lab and do report,5,5,2,1.5,0,0.4,0.3,-0.1,0,0,
1087,4/2/2022 16:30,research,go to lab and do report,5,5,2,2,0,0.4,0.4,-0.4,-0.2,-0.2,
1088,4/2/2022 17:00,research,go to lab and do report,5,5,2,2.5,0,0.2,0.3,-0.3,-0.3,-0.2,
1089,4/2/2022 17:30,dinner,have dinner in nearby restaurant,0,0,1,0,0,0,0.5,-0.2,-0.4,-0.4,
1090,4/2/2022 18:00,dinner,have dinner in nearby restaurant,0,0,1,0.5,0,0.1,0.4,-0.2,-0.4,-0.3,
1091,4/2/2022 18:30,research,contiune my research and coding,5,4,2,0,0,0.2,0.1,-0.2,0,0.1,
1092,4/2/2022 19:00,research,contiune my research and coding,5,4,2,0.5,0,0.3,0.2,-0.3,0.2,0.3,
1093,4/2/2022 19:30,research,contiune my research and coding,5,4,2,1,0,0.3,0.2,-0.1,0.3,0.6,
1094,4/2/2022 20:00,research,contiune my research and coding,5,4,2,1.5,0,0.3,0.2,-0.1,0.3,0.6,
1095,4/2/2022 20:30,research,contiune my research and coding,5,4,2,2,0,0.5,0.2,-0.2,0.1,0.5,
1096,4/2/2022 21:00,research,contiune my research and coding,5,4,2,2.5,0,0.3,0.2,-0.3,0.2,0.4,
1097,4/2/2022 21:30,research,contiune my research and coding,5,4,2,3,0,0.4,0.3,-0.3,-0.1,-0.2,
1098,4/2/2022 22:00,research,contiune my research and coding,5,4,2,3.5,0,0.1,0.2,-0.2,-0.2,-0.3,
1099,4/2/2022 22:30,game,online game with friends,0,0,4,0,0,-0.3,-0.2,0,-0.5,0.5,
1100,4/2/2022 23:00,game,online game with friends,0,0,4,0.5,0,-0.4,-0.3,0.1,-0.5,0.4,
